caption,rows,share_complete
"The batter demonstrates a powerful and precise swing, utilizing an open stance, fast load, short stride, and early contact timing to generate significant bat speed.",19,19.0%
"The batter demonstrates a balanced and efficient swing, with early contact timing and good hip rotation.",16,16.0%
"The batter demonstrates a powerful and precise swing, utilizing an open stance, fast load, short stride, and a straight bat path to achieve early contact.",13,13.0%
"The batter demonstrates a powerful and precise swing, utilizing an open stance, fast load, short stride, and early contact timing to generate maximum power.",8,8.0%
"The batter demonstrates a powerful and efficient swing, utilizing a fast load and short stride to generate maximum bat speed and contact timing.",7,7.0%
"The batter demonstrates a balanced and efficient swing, utilizing a fast load and early contact timing to generate power.",7,7.0%
"The batter demonstrates a balanced and efficient swing with an early contact timing, showcasing good hip rotation and a straight bat path.",5,5.0%
"The batter demonstrates a balanced and quick load, with an early contact timing that suggests good timing and control.",3,3.0%
"The batter demonstrates a powerful and efficient swing, utilizing an open stance, fast load, short stride, and early contact timing to generate maximum power.",3,3.0%
"The batter demonstrates a powerful and efficient swing, utilizing an open stance, fast load, short stride, and early contact timing to generate significant bat speed.",2,2.0%
"The batter demonstrates a powerful and precise swing, utilizing an open stance, fast load, short stride, and early contact timing to generate maximum bat speed.",2,2.0%
"The batter demonstrates a balanced and powerful swing with a late contact timing, showcasing good hip rotation and a straight bat path.",2,2.0%
